{"IntrinsicMatrix":[[808.79554610090554,0,0],[0,808.65245604380766,0],[396.79298324898997,509.09171361494458,1]],"FocalLength":[808.79554610090554,808.65245604380766],"PrincipalPoint":[396.79298324898997,509.09171361494458],"RadialDistortion":[0.094860194422333274,-0.12845730097152741],"TangentialDistortion":[0,0]}